Month,New England,Middle Atlantic,East North Central,West North Central,South Atlantic,East South Central,Mountain,West South Central,Pacific Noncontiguous,Pacific Contiguous
24-Apr,7667.37436,30487.37804,43295.23293,27161.07872,61290.85368,25895.26922,26082.55638,59105.54885,1220.07997,27690.62222
24-Feb,8851.61953,34531.60443,46432.30468,29124.29884,61335.16848,25542.15474,28022.58777,58520.26829,1270.56737,30008.52935
24-Jan,7997.53325,35048.78728,47390.03887,27340.14651,59819.24828,27687.40194,28834.05463,56134.07958,1235.10067,28793.64385
23-Dec,9184.49819,38628.48336,56454.25536,32802.51924,72722.03031,34525.08056,31837.36229,70376.05952,1400.03058,31869.12771
23-Nov,8242.14457,35786.14704,52125.91571,30144.60441,65257.25265,30401.14416,30731.32761,61423.95198,1350.8851,30923.85339
23-Oct,7501.7924,33437.40443,48528.18097,28952.79769,60634.2869,26146.58004,28667.11654,57472.31207,1319.92373,29443.01837
23-Sep,8066.2217,31734.68683,47902.7043,27772.9372,63338.21391,27563.30367,30129.22948,61726.2611,1359.43133,29903.75229
23-Aug,8605.0623,35979.53054,49705.60711,28230.14033,70523.91018,30312.49102,31500.0137,72900.72031,1326.00239,29963.16418
23-Jul,9261.71698,41592.60089,56558.30923,33057.61702,85868.91555,36169.86,36920.43713,85613.49077,1464.70889,37533.85804
23-Jun,10360.98378,44386.09031,57496.3189,32084.25473,84729.19718,36649.229,37990.47596,82612.8957,1462.31107,38130.33892
23-May,7439.37929,36002.91819,49372.20503,28582.06472,71019.76253,30757.51891,29256.45133,73279.53452,1345.03571,29808.61264
23-Apr,7043.44226,32330.02759,43466.69689,27008.61571,65130.43699,28727.94564,27334.3514,63893.42566,1311.05747,31247.41524
23-Apr,6576.99501,29159.96428,40801.20965,27077.76452,59975.22085,25637.9924,26041.31715,54712.88407,1230.00336,28414.44203
23-Feb,8416.23475,34776.94815,46703.78982,29837.71744,62046.09504,27952.92745,29376.63105,58877.24714,1328.4116,30604.0512
23-Jan,7801.44949,33334.50506,44958.83443,27800.53234,55615.84131,26012.12581,28080.08612,55834.95507,1172.73696,28647.07795
22-Dec,8517.22934,36432.67893,50706.77051,31772.25255,64524.61657,30413.30463,31670.70867,61186.16161,1363.70179,31443.22847
22-Nov,8683.16194,37060.01486,52364.90012,33254.35516,68608.1183,30821.68661,32628.42491,63631.90185,1384.72352,31819.42783
22-Oct,8242.66613,32652.40647,46419.75545,29728.51711,59798.96607,26457.1256,29897.3701,58009.44971,1336.37141,29237.93178
22-Sep,7660.42216,31790.23753,44684.97146,27243.44367,58954.2961,25013.73238,29795.46229,58081.76655,1345.10076,29379.95249
22-Aug,8637.97957,34453.53486,47326.81705,30011.50789,66912.81722,29299.76372,33758.14374,66457.75485,1322.31915,33474.76198
22-Jul,10826.65026,42579.36744,55559.54594,34248.12371,80712.55366,33918.17434,36707.62701,77804.16541,1374.76176,38402.79213
22-Jun,10982.6316,42839.08032,56409.21763,35220.30146,81969.81735,36394.56552,36564.05913,83306.14893,1381.76926,37908.06149
22-May,8639.38708,35650.20227,51920.49194,32136.74358,75736.7292,34065.69084,31760.24247,74219.26598,1350.40943,33655.31413
22-May,7977.7245,33576.05528,47219.22238,27578.99328,67103.19088,30564.40001,29701.58848,67024.17301,1293.17624,30145.88175
22-Apr,7691.13638,30114.47645,42606.78276,27632.60113,58334.94402,24612.67769,27549.2045,56378.97743,1262.00635,27811.24352
22-Feb,8813.01648,35095.93384,47134.84015,31836.68832,59564.29766,26440.16437,28673.38561,55534.27698,1360.72579,30077.52173
22-Jan,8018.13818,34737.37812,49190.55261,31650.94109,58106.79511,27908.50661,27466.26259,57584.61963,1238.75595,28409.10532
21-Dec,9438.93868,38958.44248,56992.95147,35959.56848,71309.76707,34257.01858,30822.56993,63575.24213,1381.44249,31069.97773
21-Nov,8404.1058,36290.38744,48047.47242,32339.2976,63201.99539,28888.36677,30439.16186,56296.23092,1426.63465,31769.90808
21-Oct,8307.58446,33226.64766,45683.46492,30014.65871,58751.14369,27835.67676,27743.14466,53183.03772,1369.3675,28194.79453
21-Sep,7413.30654,32327.4852,45255.461,28599.80012,62643.82016,26168.84364,28573.23347,59593.21119,1329.49258,28297.12415
21-Aug,8841.85832,35439.13325,47276.37934,30499.11713,67273.18962,29256.20067,33065.77209,64353.1276,1288.64312,30450.35375
21-Jul,10479.94735,42504.35913,57269.73819,34670.14754,82168.22951,35893.01415,36766.66775,75832.3094,1394.81324,35885.54128
21-Jun,9786.43843,41447.51769,55247.23445,33228.46307,80875.61858,35431.21375,37385.37482,73117.60205,1365.81889,37738.80889
21-May,7720.06172,31898.01085,43240.94833,25978.8275,65300.44706,28669.22514,28989.60174,57602.58626,1266.56433,29514.6885
21-Mar,7327.89508,29509.48084,40300.09988,25227.90773,58806.12457,24711.39729,27018.87159,51832.22892,1190.33033,27383.60821
21-Feb,8251.53613,33804.57831,45291.8884,27662.27176,59930.90323,26477.01222,28972.14461,51345.47118,1286.43224,28375.03777
21-Jan,8257.72299,34913.41797,50350.36878,28741.28751,62837.30303,30469.16534,26609.60538,52783.63151,1194.45963,27742.56681
20-Dec,8927.56923,37872.91946,52567.18185,30547.46765,66604.93761,32907.28913,30396.40221,58431.71152,1355.00395,29599.22632
20-Nov,8440.63891,36397.73747,52190.43486,30498.29229,66530.37022,31168.74287,30853.36794,57487.42965,1394.26192,29562.13666
20-Oct,7329.13612,31243.84705,46161.36637,27042.53596,58379.84844,23935.32168,27330.49809,50567.73194,1347.29786,28065.3802
20-Sep,7084.53354,32938.79066,42717.84721,25924.27578,61935.19329,25986.61347,29628.37985,56051.90648,1253.43854,30182.46
20-Aug,8021.18866,35854.04973,43189.72877,26299.62357,66217.0679,30070.60674,31837.25182,59282.76566,1198.02896,31522.72488
20-Jul,9467.88766,42174.07104,51853.05665,31236.38795,79965.24461,35212.3356,36567.68141,73315.47189,1286.07905,37457.37658
20-Jun,10834.61885,44590.78044,53681.59634,31994.78891,82963.88907,37430.37381,35021.31025,75416.98567,1317.33219,36619.58443
20-May,8268.54743,36256.72108,46310.57213,28948.91567,70287.56307,32394.40893,30008.5819,65895.95715,1262.16861,32333.75384
20-Mar,6451.65115,27835.4522,38038.05227,24109.10042,57505.35444,21892.9269,25141.60715,50862.53653,1138.54727,26870.98545
20-Feb,7594.49991,32939.00714,43837.10975,26242.10899,61512.32868,25538.3358,26741.33575,54419.74127,1265.38006,29779.84877
20-Jan,7953.93762,33437.78604,46158.81017,29260.40191,61804.33369,28512.62016,27310.06455,54459.41796,1253.07452,29547.65965
19-Dec,8684.77828,37458.89694,50858.31746,30716.76516,65063.1912,30398.5602,30095.15175,57081.58109,1409.55966,30252.30779
19-Nov,8674.52708,37827.12804,50006.78983,30160.44773,63773.73823,28738.6032,31156.65365,57401.75037,1362.64396,29433.87633
19-Oct,7710.21164,34138.94246,46729.37391,28944.20514,59787.70868,26953.0385,28556.24957,53742.57222,1335.66848,27999.38145
19-Sep,7816.42137,33766.40001,43851.94763,25753.56943,63914.94601,27253.8495,29776.59925,58209.87891,1354.23531,28819.79741
19-Aug,7404.26999,36333.46831,47304.3372,28557.73456,72216.85778,33309.94616,33501.67566,69565.87695,1307.71815,31257.68449
19-Jul,9285.96351,41497.49007,51882.093,29919.47698,79865.41033,35969.26896,38045.10825,76656.35454,1395.07666,37215.41228
19-Jun,10592.44225,44187.10332,55750.6193,32058.59938,82769.2132,36159.93649,37035.63839,74123.02531,1362.6033,36325.71045
19-Apr,7300.05545,31983.20477,46204.30568,25871.17864,70152.92032,30422.99437,26329.45193,60429.46056,1336.70344,30630.54753
19-Mar,7540.96461,29706.9259,44150.84602,24466.96141,58118.01114,24560.65767,25790.1498,51692.18788,1260.99919,29664.90782
19-Feb,8682.63176,34095.13542,50226.26552,29611.07591,59865.35058,29409.44762,29246.19097,54091.0658,1260.62345,30415.46556
19-Jan,7999.92843,34035.91054,48585.00425,28521.39709,57875.41099,26787.24856,30339.74929,52646.43127,1191.082,27299.56982
18-Dec,9096.79409,38611.47139,55825.8808,32235.93288,69576.80194,31929.63734,32090.13831,59853.30197,1355.81965,29153.05674
18-Nov,8890.84716,36505.94821,51267.17308,31581.88117,65820.47626,28815.14963,32943.78678,56924.0997,1341.87954,28200.9911
18-Oct,7927.59908,33040.09097,49577.55814,29039.73789,62287.63861,27426.9373,30174.11486,54157.96005,1348.45525,27485.94168
18-Sep,7846.36622,32730.63823,47595.11863,27499.7234,65523.81935,27239.4501,30275.99781,56643.93635,1312.27178,28402.82827
18-Aug,8930.43451,35492.97175,49889.15137,28259.68771,72947.70119,32130.17397,33919.86366,62882.64788,1356.72525,30748.6024
18-Jul,11195.41827,41980.67652,57200.26208,31188.29727,80871.99492,35986.4514,37836.24817,74367.97988,1384.92835,36339.89286
18-Jun,10733.89324,41933.64862,56610.85271,32893.64205,79112.77968,36545.34661,37652.35853,75585.01463,1366.63739,39182.51219
18-Apr,7759.78004,32493.25033,47295.81317,27800.27782,66910.3364,30827.67489,27600.57549,64781.73981,1349.28841,32409.52523
18-Mar,7631.34599,30178.08213,43666.02439,26440.46647,57071.37559,26394.6497,25834.98114,52460.9447,1260.67339,30118.40193
18-Feb,7914.87947,31445.56277,47808.27009,28031.29332,57508.71783,26330.41842,25980.06023,51790.56557,1268.0628,28979.82697
18-Jan,9687.29266,37090.5743,58663.26082,32772.52249,75786.60565,36191.84556,29037.12569,62313.12798,1389.88805,30447.10949
17-Dec,9272.77567,37521.71495,54492.20927,30835.12722,66203.08113,31014.29644,30478.27193,58971.81845,1369.68878,30404.37545
17-Nov,8157.46657,32628.75243,47326.80501,27089.05524,59042.91173,25985.84013,28497.93392,51091.87579,1333.68945,27034.35202
17-Oct,8126.27067,33394.36493,45465.8525,26628.34395,62738.16816,26937.03841,29493.68907,55120.92053,1351.02114,29475.53174
17-Sep,8711.47403,35140.48101,45738.15363,27515.22139,66147.13682,27952.01712,31506.45986,59909.82162,1326.93319,32056.13745
17-Aug,10006.74616,38954.24029,51446.63271,29317.05102,78137.97394,34461.33422,36870.31301,67414.68731,1387.38456,36840.91312
17-Jul,8217.18751,31197.76129,43510.69917,27804.33416,67119.15716,28867.73063,27204.60454,55581.43865,1357.6507,32633.45786
17-Apr,7595.79788,29450.5599,43148.24227,24746.64625,58378.85855,25742.12266,24394.49303,50241.62072,1337.00065,30426.17624
17-Mar,7924.9871,31235.40149,44560.74687,26070.79594,54965.85899,25103.86116,25709.46945,46245.86902,1260.17476,28035.47332
17-Feb,8901.68835,35503.65991,52229.84065,30900.86705,65703.7472,29241.00913,31430.95133,55123.29299,1403.88838,33975.02468
17-Jan,8899.50672,36663.69863,51863.08281,30478.04795,65852.82921,30402.3823,31540.86138,55987.17084,1457.77927,32243.98442
16-Dec,7893.90035,32456.96391,43214.38295,24364.88505,56595.1028,25742.90028,27643.68276,50377.4822,1381.77866,27394.1818
16-Nov,7936.29327,32469.92176,44359.58312,24202.63246,60824.68191,26862.42396,29372.85265,56262.86044,1385.4273,29263.05103
16-Sep,8848.9902,36750.99837,49299.58224,26392.5362,70802.43955,32429.53662,30949.83273,63729.33828,1392.90494,30963.88471
16-Aug,10926.63978,44276.30712,57984.7444,31899.12527,83787.66377,37556.40931,36113.99935,70517.0612,1427.86589,35371.56994
16-Jul,9009.86815,35580.00134,51885.07277,28880.14517,75690.34148,33017.48421,33509.54905,65592.32559,1262.9118,33475.84222
16-May,8954.36928,33030.71765,42735.98918,23340.26873,65161.13754,28519.21201,27536.11026,56233.17895,1275.00893,30080.99985
16-Apr,8445.76279,30239.97806,42393.67861,22981.61883,58001.39684,24679.72305,25023.17945,50635.62107,1274.5888,29311.05014
16-Mar,8507.87626,33717.12106,47090.74243,26543.17071,63262.41684,29487.44676,26911.51344,49352.58441,1283.60431,27659.92408
16-Feb,8954.26798,37482.48393,54037.65231,30458.10791,69788.9975,33228.66003,31243.04955,56405.32739,1407.45523,29707.7176
16-Jan,8859.48135,33971.98744,46570.70415,26996.98043,61222.37748,28724.71428,32135.97943,53827.00723,1451.77312,30775.11868
15-Dec,7906.08532,32704.2077,44821.9888,24430.16936,57231.14728,26947.14971,28155.02702,48973.84519,1428.61497,28181.15892
15-Nov,7810.59402,33319.3809,46534.26244,25971.68628,56619.51199,27806.0843,30030.0473,52714.72261,1394.31827,30009.80758
15-Sep,9224.38157,36988.53067,49991.85548,28149.15341,67063.38135,30942.90069,32945.86179,61848.6918,1391.16832,31644.30122
15-Aug,11066.72121,40543.31443,54998.913,30109.88659,76257.08586,35306.4636,37137.42507,70402.72877,1453.24374,34965.93618
15-Jul,9368.80941,35853.94666,50685.86819,27936.85762,74109.77787,34124.32465,34388.02081,63298.67662,1297.39492,31429.38967
15-May,8884.383,33242.39743,46050.19789,24817.7848,66121.54088,30102.48024,29173.97268,54906.69899,1315.84349,27573.80197
15-Apr,8122.43486,30347.20816,43150.71167,23956.89548,57025.70378,26112.31859,27376.06884,49337.22869,1311.61014,27437.00708
15-Mar,9397.6002,35392.42312,54012.56556,28374.40904,66900.43388,33166.02153,26200.95728,52645.9084,1304.24628,27201.0457
15-Feb,9629.41824,38445.2759,57066.45803,30656.88748,69000.0689,35047.26878,30509.78252,58339.3804,1336.7052,30421.59778
15-Jan,8826.49677,37171.19873,52546.99366,29375.55287,62352.88026,31819.41885,30677.30896,52979.2155,1400.90812,30803.0069
14-Dec,8202.64138,33417.14079,50299.25189,27684.18125,59888.51704,29252.30074,28850.3448,50171.71362,1361.14788,28364.1251
14-Nov,8433.14533,33977.65277,46072.1783,25830.65164,58418.44006,27970.83917,29779.55372,52399.72934,1408.15134,30227.66708
14-Sep,9169.88936,34285.13043,48650.66666,25909.61204,65228.39442,31253.62044,33044.46,59263.30418,1371.96005,31705.62833
14-Aug,11299.95223,39234.28829,54804.4436,30754.438,74313.74354,34025.03361,37810.65465,65422.35941,1374.15575,36736.38079
14-Jul,9616.47469,36525.81208,52840.23744,28289.17126,70606.35121,32465.80762,32335.53996,60787.67247,1295.07934,33078.0324
14-May,8632.86467,32280.73625,47364.26699,25668.96717,64234.67518,29764.80149,29307.99114,53705.44962,1318.68811,32440.86652
14-Apr,8226.30877,31171.26232,45027.66579,24183.042,56161.31499,25880.6555,27258.83483,48699.85942,1299.16531,29720.15328
14-Mar,8556.75721,35497.28637,51272.81583,28751.8888,62147.17148,30136.34343,28276.54772,51258.13496,1295.25847,27154.81191
14-Feb,10355.77372,38924.49062,61197.19113,32302.05337,75198.55458,37304.27736,31214.05673,58512.22583,1396.50616,30846.24892
14-Jan,9632.76422,37430.40224,57194.23469,29667.74627,63419.47226,31843.32898,32099.15769,57327.02877,1517.48681,32889.62582
13-Dec,8884.81028,32629.98328,50067.48719,26903.10188,59134.54763,27797.15708,28407.6849,50303.86132,1417.46929,28993.53902
13-Nov,9119.74017,30831.81823,48961.17389,25912.88541,60813.58392,27785.60585,29132.36295,51409.23758,1486.47773,29472.57675
13-Sep,9493.73449,33788.76784,49174.96091,26749.11305,65552.07477,30655.89313,31802.8156,60959.22803,1382.93901,31381.37472
13-Aug,12582.83361,43167.09894,57798.3269,30696.38204,74878.27644,34292.84314,37352.50346,66284.46743,1407.50943,36385.37939
13-Jun,9956.47512,35796.33278,50928.0299,27334.13799,69385.72827,33034.36234,34087.62998,62822.70275,1302.6547,32174.5934
13-May,8857.52269,33618.47515,48240.00841,24956.41347,59929.4195,29303.13504,30173.25646,54762.68787,1371.26078,30943.46105
13-Apr,9132.29758,36630.8237,51649.56295,27327.93417,59320.37967,32752.97226,29269.40543,49599.3614,1360.05436,28356.04251
13-Mar,8576.54085,35089.64419,50273.58286,26145.44366,57273.87009,30316.1266,27984.18637,45775.90454,1284.96177,27007.81907
13-Feb,10218.44425,38004.40285,55458.62916,30117.51221,63669.03582,32351.02879,32280.27937,53332.39944,1471.16561,32064.48042
13-Jan,9783.06735,35612.95236,52273.07699,29120.62065,60226.44775,31198.30735,31047.10723,52106.927,1734.83526,31531.40722
12-Dec,9138.79562,31509.69268,48103.81366,25764.68949,56716.10361,29727.29361,28537.38699,46974.10156,1464.86733,28039.10646
12-Nov,9113.10672,32161.5389,46231.33326,25529.68954,58153.58546,28028.23628,30137.04812,51074.32023,1513.79604,29709.27614
12-Oct,10040.36889,34347.46624,46687.87233,26705.10151,63244.57737,30385.2108,32006.63266,58022.25281,1374.15922,31771.92084
12-Aug,12412.58179,44015.32593,63212.93007,33864.34085,79299.62573,39422.85628,35724.7535,70309.4905,1359.8322,35019.48063
12-Jun,10231.51832,36293.75712,53901.72297,28936.97137,66747.88539,33915.97461,32254.62811,64924.88817,1326.01966,32292.01518
12-May,9566.44212,33937.19121,49289.74839,25665.77391,64937.40093,31191.00693,28455.24598,59624.40132,1394.75912,32454.18608
12-Apr,9717.2238,33608.1025,47489.33881,24777.5433,55466.68061,27456.85007,27676.74588,50444.74568,1482.92344,30969.39799
12-Mar,9632.67811,34060.60084,50115.33519,25405.93478,54834.86342,28631.85489,28359.44563,49143.59839,1403.62853,27801.49275
12-Feb,10524.17368,37514.29486,54641.11225,27983.8571,60857.08042,31880.10349,30860.52285,53114.62684,1573.36889,30577.33971
12-Jan,10251.87941,35965.931,52047.73124,28539.36497,58933.20808,31580.59631,31638.58282,52649.64351,1563.48971,32570.03571
11-Dec,9407.60662,33931.82749,47301.23524,25697.76974,52999.09026,28976.67869,27996.38116,47030.74755,1525.67125,29235.14646
11-Nov,8923.04862,34498.19787,47922.7485,25882.94822,53917.96317,28671.67899,29292.35759,49682.61788,1482.22308,28424.71967
11-Oct,10437.09529,35451.3017,49329.70604,25709.8297,64163.55807,30507.70977,32198.40314,58047.88215,1410.32283,30675.5089
11-Sep,11785.36513,40333.89234,60919.10146,31052.94242,76579.31702,38439.88801,36787.78556,74562.66315,1440.10032,34610.25931
11-Aug,12567.03449,43551.29264,65180.28064,33043.95044,79741.39879,39265.44522,35931.30833,72802.87326,1426.13967,35183.03115
11-Jun,10331.75569,36894.79036,54359.21327,28531.956,72577.44583,35331.47173,30494.75307,66120.52568,1371.28354,31713.81985
11-May,9384.74101,33840.2204,47318.17563,25544.93386,63714.528,29333.59468,27460.97943,55359.37945,1426.48621,30245.19937
11-Apr,10230.53219,32950.35278,51909.59068,26921.39454,57311.77652,30644.53396,28358.26182,47381.24584,1545.62547,31456.62711
11-Mar,9809.45147,33426.50199,49839.17038,27076.45734,55727.78103,30267.18497,27858.94605,48355.90513,1435.14468,29330.06402
11-Feb,11324.53112,38013.9099,57958.99096,30720.36088,68880.66864,36646.85527,30947.06177,55008.22355,1552.21547,31819.07539
11-Jan,11265.9416,39075.81746,57505.2911,30176.59817,72704.15705,35912.546,30963.38642,51966.64777,1573.36872,30975.32701
10-Dec,10381.86589,34334.70701,49477.48584,25741.99896,53826.46486,27301.80276,28394.27035,45911.52802,1454.67572,29184.82976
10-Nov,10554.49414,32866.13275,24657.82586,55393.80794,27476.7054,28903.00297,47670.36083,1508.08478,29834.68961,30328.35907
10-Oct,11189.5095,36242.48663,51102.56878,26148.96119,67028.59715,32094.30679,32668.08312,57807.2071,1435.09251,34053.13976
10-Sep,12623.77993,41554.43569,63631.55461,32352.22962,79531.03409,37592.46182,35738.28264,70310.92667,1496.31055,34788.23474
10-Jul,13561.28283,43138.58958,63685.7629,31813.12451,81655.65068,37493.4215,36678.24123,65460.96399,1450.16845,29017.16649
10-Jun,9558.29829,33698.1896,50194.08637,26021.45162,65900.56941,29637.52203,28422.18323,54038.03792,1448.98662,28029.57664
10-May,8864.19088,29249.78765,45203.85811,23885.56088,54610.55838,25686.36592,26927.01727,43925.32434,1417.98652,29387.10407
10-Apr,9706.884,32872.44792,49793.8148,26729.45866,58267.33175,29900.22382,28410.91209,45626.97783,1472.48543,26433.37741
10-Mar,9572.73745,33836.09456,51203.60236,26426.46425,63493.57967,32778.54886,26872.08918,47775.48538,1342.74758,28620.57956
10-Feb,10940.59454,36449.27711,58604.81115,30249.99497,73971.01772,35792.18782,30789.94476,53961.7509,1577.00839,31395.81401
10-Jan,10675.93238,36434.76347,56745.50255,29814.55525,66920.77156,32418.75748,32410.46144,52093.25268,1597.48445,27216.96192
9-Dec,9154.64002,32163.30612,48443.6678,24932.59674,53805.04875,27362.74973,28877.57343,43125.61713,1552.50838,28602.85194
9-Nov,8919.73938,32140.398,48125.8218,24866.6764,58571.42798,28355.93247,29269.35797,46623.13961,1564.99512,32144.09358
9-Oct,9751.37004,32965.3716,49268.57362,25055.62026,62037.56595,30239.66137,31806.4586,52689.20055,1442.69633,36195.28252
9-Sep,10818.04912,37953.47117,53141.64097,28222.39049,71302.05368,31762.68159,36243.79882,65418.63265,1484.22457,30318.28393
9-Jun,9088.5894,32401.95847,44855.262,24276.66238,59489.41288,28655.57149,29646.01033,51166.34993,1407.77137,29156.64762
9-May,9479.28253,30733.53338,44346.52027,23304.31976,54170.99278,26370.31334,26018.25259,44557.80612,1399.58675,29204.66266
9-Apr,10541.25583,34160.99897,48504.17911,25957.9193,56929.43363,28565.36653,29301.54548,45971.6795,1465.92282,26536.46545
9-Mar,9914.03521,32578.83958,49154.18062,24565.77516,57525.05642,28463.81625,28080.89346,42712.20458,1356.13097,30750.31928
9-Feb,11746.18587,38163.02416,58124.8052,29098.94419,69369.84063,33930.44172,32178.28866,50088.17741,1542.60911,31123.44833
9-Jan,11160.60131,36665.6367,57063.84228,28748.21043,63458.64491,32093.24897,32572.60217,49429.66943,1582.34995,27070.40933
8-Dec,10266.13556,33582.64916,52353.39002,25025.57762,58280.73593,28877.66815,28899.2723,44190.13071,1500.27242,28961.542
8-Nov,10373.28562,33822.7785,51388.83981,24790.93622,58842.30155,28988.90208,30983.11307,48839.14854,1556.49577,30465.29049
8-Oct,10722.31963,35423.29184,52860.61106,25508.41443,67942.1139,31417.57783,32843.33301,49405.8875,1467.29033,35179.28442
8-Sep,11505.46752,38451.39055,60149.38926,29362.24674,76418.31065,35352.00238,36957.14245,64127.04468,1484.44017,34642.02302
8-Jul,10832.82185,38923.62779,56807.205,26077.58045,75616.65139,34685.83166,32702.39617,61381.74071,1439.14889,32203.75896
8-Jun,9370.59133,31238.2092,50491.06074,23940.80983,64412.71557,29256.294,29126.39189,53719.04536,1485.92506,30809.9465
8-May,9281.91134,30472.59593,49662.81983,23449.454,58225.06037,28420.20752,28294.8562,45790.48012,1457.6994,29397.21512
8-Apr,10381.67595,33843.20218,54079.20224,25267.05837,62583.10689,30791.96518,29665.52951,47065.32098,1555.57318,28432.03267
8-Mar,10012.15485,34246.53124,54448.89815,27031.68978,64273.91727,30941.7659,28875.67447,45335.51064,1507.42213,33154.43245
8-Feb,10675.11442,37495.28957,59290.84177,28476.51219,72178.95837,35139.04319,31636.60994,53354.27078,1597.35638,31735.18096
8-Jan,11416.97156,36923.08124,56855.39232,28101.91113,67298.6499,31594.69375,30810.30237,49929.60818,1624.53914,28964.65805
7-Dec,10378.46918,32590.19024,52264.15971,25339.12477,61461.57338,27911.21115,28282.3102,45428.91715,1481.92878,29077.0631
7-Nov,10742.16352,33458.38104,53559.75797,25041.98454,68602.10863,30364.40783,29421.69232,50763.73286,1584.12457,30000.0466
7-Oct,11243.92127,35921.02477,55831.83855,25773.92168,72863.18533,33113.95836,32471.60251,56665.66216,1508.75069,35813.92536
7-Sep,13046.37017,43472.07133,65557.36608,31092.48708,87386.81942,40357.41514,35834.93423,67650.97807,1584.29242,36518.09048
7-Aug,12767.64246,41155.92362,59876.2301,30076.92334,79099.98063,36136.19522,35878.81576,60149.2537,1567.37697,31368.49307
7-Jul,11045.98531,37810.71532,56835.61403,26921.33982,74567.07511,34363.52934,32135.05915,56226.44076,1480.62534,30570.57254
7-Jun,9927.09202,34125.63378,51158.54412,23389.72848,67832.41653,31214.1614,29972.24886,50500.87823,1511.4821,29712.92451
7-May,9795.12946,33015.173,48991.28599,22528.40917,59657.94707,27398.81746,25929.49727,44639.54623,1460.33348,30229.59697
7-Apr,10774.27962,35198.74781,53067.7872,24189.78445,63506.46649,28987.22434,27801.38753,45126.28346,1589.68467,26800.65818
7-Mar,10384.59887,34885.5562,55262.32607,25240.96212,65658.51883,31557.82671,26649.05424,45400.43173,1390.46193,32124.38156
7-Feb,11003.72491,36081.77433,59494.48883,27648.97205,67254.87382,33209.24423,32138.27147,53004.22243,1571.14111,31023.53932
7-Jan,10810.93581,35307.90774,56169.62963,27342.52108,63481.7787,32325.64777,30581.55661,47681.50091,1558.22833,27620.13713
6-Dec,9895.49493,32851.78548,52425.06918,23582.13448,58718.41439,30656.70837,28434.16799,43414.50205,1560.41245,29315.40055
6-Nov,10563.84823,31834.48644,53127.10633,24633.35273,62985.28682,30412.34582,28593.42715,48554.32343,1547.51384,30002.2222
6-Oct,11023.92292,33130.1358,50741.76842,24477.34602,67024.34741,31175.28152,30260.77832,52758.59033,1460.92794,33718.24764
6-Sep,12762.17085,42382.40807,63501.96594,29409.0345,84039.13933,38401.63971,35063.08301,66807.95359,1676.89376,38803.45974
6-Aug,13614.42655,44097.68269,63607.51038,29919.15962,82287.82656,37332.17724,34693.4267,64469.85334,1595.27055,35628.91439
6-Jul,11622.16474,37314.42807,55460.5705,26093.9617,73342.85878,33785.25436,30808.9681,58685.64487,1517.03206,33162.70644
6-Jun,10569.09111,33368.3592,51327.75353,23468.26422,65947.22823,30069.02466,27320.62946,53906.83074,1475.68245,29493.67819
6-May,9493.64844,30292.84994,46539.01662,22276.57582,59912.54026,27071.53705,24662.65515,46691.88005,1423.69602,30284.48249
6-Apr,10795.13547,33893.46694,52943.46264,24189.34562,63608.94172,28608.40368,27944.70589,44968.24026,1493.6149,28370.84608
6-Mar,10067.88863,32140.47932,51540.30866,24211.62195,62577.58194,29301.98254,25526.02233,42238.7215,1357.97708,30918.90447
6-Feb,10992.71936,35163.17578,55163.24104,26011.3617,65424.14185,30687.40174,28620.42223,44110.24925,1566.12105,30306.49083
6-Jan,11493.85159,37209.11237,59556.65916,27198.07858,68982.01499,33687.91496,30127.60079,47904.82261,1634.5247,26867.79156
5-Dec,10255.93686,31780.92471,52113.52191,23859.76908,60751.24904,27773.4078,27949.51643,43282.97178,1480.14707,27201.64171
5-Nov,10506.21363,32201.65185,53781.47518,23740.23753,64936.67791,28471.56315,28138.59091,45892.15398,1527.71777,27638.64286
5-Oct,11485.8397,36469.90405,56082.07149,24899.16318,74703.6953,32409.81012,30160.07876,54818.43413,1550.16092,33997.4549
5-Sep,13606.12455,43664.12659,63835.70374,28892.86015,85058.15658,37239.15859,33584.9034,63397.16485,1665.0277,35433.83916
5-Aug,13204.9999,42506.32938,63453.80027,28858.66145,83120.6768,36637.67193,34835.29225,62604.40829,1618.16704,30160.10599
5-Jul,12069.3066,37679.35066,59586.7893,26570.43191,73295.89352,33769.79215,30328.70671,58763.33136,1447.92786,29366.78532
5-Jun,10069.04845,31217.4284,49330.9794,23318.66847,61943.9656,29907.59032,28071.3394,50378.26068,1458.0439,27249.51592
5-May,9691.97142,29966.59816,47206.91827,21443.69876,57571.37061,27430.65636,25310.25436,42312.50003,1378.916,28244.36636
5-Apr,11123.39379,34746.59624,52739.76699,24347.40993,64260.50256,29914.75991,26168.69541,44488.43331,1424.35196,25978.33629
5-Mar,10564.08803,31947.32299,49687.04491,23304.71342,59686.03247,28090.11748,25227.30705,42687.52856,1327.82441,29138.70002
5-Feb,12078.45502,36138.78132,57537.74531,27350.50673,68470.85115,32623.17591,29038.65652,49157.92679,1586.65458,29696.12602
5-Jan,11611.62774,35217.7193,58219.43338,26594.38486,67079.84743,33327.36775,29367.9593,49272.68681,1560.81081,26795.93722
4-Dec,10486.64926,31304.81511,50834.54647,24163.13191,58390.34932,27743.57868,27177.35988,43721.61689,1483.27147,27547.42611
4-Nov,10005.77054,29714.35885,51992.33562,23800.78287,61171.91388,30061.61689,27587.94399,49051.30754,1516.76659,29589.69077
4-Oct,10880.00685,33532.79068,53960.41931,25272.60178,65744.37412,31016.0871,30033.80909,54067.55873,1524.85947,31811.99786
4-Sep,12229.15561,38104.98395,56535.15711,26891.97107,75030.35124,34201.76016,32914.2766,59137.43263,1581.95084,32844.334
4-Aug,11751.50663,38485.56252,58203.06911,27564.8551,77668.59873,35896.73508,33046.54726,60307.23996,1563.2488,29765.75541
4-Jul,10899.77462,34684.26526,55071.15482,24462.58875,71870.68163,32805.7226,30020.82709,54052.1152,1452.19347,28443.16202
4-Jun,10319.5973,33864.14248,52551.79312,23031.78183,67000.60739,31380.20505,28063.2248,51292.96452,1432.78514,27180.30386
4-May,10234.71793,30020.0257,48399.80126,22192.80359,57487.91826,26463.37227,24436.81195,42752.64135,1391.51801,28251.41301
4-Apr,11345.09036,32623.58007,51926.06668,24060.58345,61011.46057,27423.05592,26552.50416,44164.49265,1453.84867,27177.8617
4-Mar,10942.16977,33603.91927,51573.39948,24083.39068,63884.57626,30234.90409,26001.51243,45341.01744,1437.15841,29222.67735
4-Feb,12812.29419,37349.47291,57739.10604,27364.03789,71454.26069,32587.46747,28510.04279,47967.55988,1538.70777,28930.087
4-Jan,11438.169,35370.914,55382.546,26702.342,67135.466,31947.059,27452.223,45771.601,1550.022,26683.562
3-Dec,10284.352,30843.772,50502.424,23628.204,58414.055,27788.516,25605.799,42642.452,1473.574,28665.44
3-Nov,10654.518,31233.559,50730.678,24005.327,59437.297,28399.884,26456.96,45624.594,1532.675,28600.057
3-Oct,10907.562,31836.413,52205.126,23988.71,66157.922,30088.482,28114.961,49775.057,1461.245,31759.244
3-Sep,12683.47,38985.3,60663.152,29293.929,77119.306,36189.933,31913.841,61750.223,1457.924,33599.731
3-Aug,12243.51,38018.369,58316.13,29068.718,75233.134,34918.346,32225.958,59305.49,1466.661,29538.196
3-Jul,10247.181,33334.138,50565.083,24596.746,67708.51,30295.636,27627.784,53402.235,1378.187,28228.269
3-Jun,9444.872,30502.843,47106.761,22685.616,63369.541,28424.177,25967.99,50413.848,1400.969,26803.155
3-May,9977.719,29807.696,46435.333,21477.203,58622.988,25535.342,23094.451,42648.2,1353.612,27684.37
3-Apr,10285.218,31964.619,51989.076,24217.188,61494.652,27370.328,25269.39,42588.416,1454.009,24630.264
3-Mar,10273.044,32341.268,50757.104,23866.509,61302.16,28040.828,24197.944,42515.706,1323.947,26726.997
3-Feb,11708.305,37153.287,57397.676,27151.293,71778.453,32577.578,27358.174,48674.859,1462.277,26798.907
3-Jan,11364.732,35861.865,54176.121,26401.096,65314.301,30923.614,27488.343,44902.749,1601.983,24344.835
2-Dec,10640.537,31972.255,50817.7,23937.809,57772.548,28279.112,25596.168,41399.598,1528.996,25352.88
2-Nov,10308.022,32143.287,51439.516,24116.337,64104.233,27368.552,25610.659,45025.163,1591.44,27348.231
2-Oct,10023.35,34386.461,54543.371,24559.749,67855.391,30432.891,27197.755,53384.461,1547.779,30716.949
2-Sep,11445.315,40348.775,61452.029,27537.532,76125.326,34982.695,28901.466,61506.443,1569.297,33180.52
2-Aug,11688.305,40178.81,63369.038,28632.149,76905.9,35518.08,29925.997,60577.849,1565.459,31348.779
2-Jul,10143.55,35213.974,55004.018,25556.316,68564.593,32285.343,27017.073,54379.65,1511.269,27266.46
2-Jun,9485.925,31146.628,49039.189,21748.948,62580.261,29326.287,26613.706,48949.683,1517.479,26646.76
2-May,9202.636,29451.91,47658.76,21344.027,58310.289,27790.241,23986.54,43967.297,1489.786,27819.582
2-Apr,10056.884,30646.338,51176.451,23447.522,59590.349,28651.743,25459.572,44172.408,1528.163,24573.165
2-Mar,9210.453,29982.475,46096.875,21724.824,55268.507,27574.581,23893.163,42109.981,1391.688,28677.384
2-Feb,10770.4,34151.171,52278.902,25297.435,62815.78,30899.33,26444.734,47019.282,1587.056,27185.322
2-Jan,10365.099,33184.985,51259.562,24359.674,55498.722,31284.999,26754.936,44100.471,1502.558,23969.765
1-Dec,9434.711,30331.938,47472.661,22206.773,50732.604,27726.556,25309.309,40321.756,1427.873,25747.793
1-Nov,9915.666,31233.526,48775.486,23181.434,55230.161,30491.364,25468.017,43196.364,1493.797,26452.595
1-Oct,9988.828,31759.84,48064.838,23284.229,59476.65,31970.336,25513.056,48879.6,1538.896,30864.534
1-Sep,11520.47,39574.742,59338.128,27469.184,75129.593,36558.802,29175.196,59357.566,1544.612,29097.237
1-Aug,10220.887,36637.41,57249.317,27361.62,70454.947,35550.328,29648.592,59903.407,1489.953,28140.685
1-Jul,10059.375,34862.459,52609.006,23618.983,66210.028,31979.553,27274.881,51577.123,1361.883,27090.104
1-Jun,8591.5,30940.188,48696.673,20745.501,59024.877,29568.561,27219.851,47243.819,1370.549,26042.028
1-May,8320.897,29474.163,45951.256,19771.091,55824.732,26477.538,23517.664,41374.924,1324.576,27832.996
1-Apr,9505.969,33902.556,51377.128,22010.841,58510.94,29401.75,25869.711,40834.225,1460.429,25186.362
1-Mar,8662.316,31218.925,48200.274,22083.925,54571.094,27306.648,25227.419,39136.222,1347.014,29087.227
